name,value,source
loss_cascade_total_aud_ha,2959.8725,decisions.rds$ledger
loss_naive_total_aud_ha,5818.1989,decisions.rds$ledger
loss_reduction_vs_naive_pct,49.1273,derived: 1 - cascade/naive
loss_cascade_constrained_mean,26.9996,decisions.rds$decisions
loss_naive_constrained_mean,75.2057,decisions.rds$decisions
loss_cascade_unconstrained_mean,9.7094,decisions.rds$decisions
loss_naive_unconstrained_mean,9.4627,decisions.rds$decisions
n_constrained_sites,12,belt_sites.rds
n_sites,40,belt_sites.rds
taci_sensitivity,0.5833,taci_verdicts.rds$table
taci_specificity,0.9286,taci_verdicts.rds$table
plateau_interval_covers_60_n,12,oracle_03.rds$leg_b
x0_median_constrained,66.6289,oracle_03.rds$leg_b
x0_median_unconstrained,96.8971,oracle_03.rds$leg_b
n_saved_vs_naive_kgn,1440,decisions.rds$ledger
co2e_saved_vs_naive_t_ha,6.1776,decisions.rds$ledger
evsi_top_aud_ha,164.0183,evsi.rds$evsi
n_evsi_priced,40,evsi.rds$evsi
rerun_loss_cascade_total,2488.6479,oracle_07.rds$b
rerun_loss_naive_total,5174.7425,oracle_07.rds$b
price_barley_aud_t,314.5,belt_config.rds$economics
cost_per_kgn_aud,2.0652,belt_config.rds$economics
n_plots,10800,belt_obs.rds
n_cells,200,decisions.rds$decisions
n_cells_compared,198,decisions.rds$decisions
n_taci_refused_constrained,7,taci_verdicts.rds$table
n_taci_refused_unconstrained,2,taci_verdicts.rds$table
n_seasons,5,belt_config.rds
n_rates,6,belt_config.rds
n_varieties,3,belt_config.rds
n_reps,3,belt_config.rds
yield_cap_min,0.5681,belt_sites.rds
yield_cap_max,0.7717,belt_sites.rds
